id,created_at,Name,city,Address,is_gov_authorised,listing_id,is_agent_authorized,known_as,state,country,slug,contact_number,lat_lang,email_id,email_isVerified,alternate_number,about_us
1,,Al-Haafiz Tours &  Travels,Dhule,"12B, Poonam Tower, 80 -Ft. Raod, Ansar Nagar, Dhule -424001, Maharashtra. 99 2.",TRUE,2025-01-01 03:14:22+00,TRUE,Al-Haafiz Tours &  Travels,Maharashtra,India,al-haafiz-tours-travels,,,,,,
2,,Arafat Travel Services,Kalyan,"Office NO. 5 & 6, Dhoop Chaav Bldg, Valipeer Road, opp Memon Masjid, Kalyan(W), Dist. Thane -421301 maharashtra.",TRUE,2025-01-02 11:45:09+00,TRUE,Arafat Travel Services,Maharashtra,India,arafat-travel-services,,,,,,
3,,Al-Haramainy Haj Group,Malappuram,"Karuvally Pathikkal Buioding, Post Ramapuram, Near Post Office, Distt. Malappuram -679321, Kerala.",TRUE,2025-01-03 18:27:41+00,TRUE,Al-Haramainy Haj Group,Kerala,India,al-haramainy-haj-group,,,,,,
4,,Sarkar Travels,Bhilwara,"Gulnari, Gali No. 6, Sanganeri Gate Bhilwara -311001, Rajasthan 99 5.",TRUE,2025-01-04 06:52:33+00,TRUE,Sarkar Travels,Rajasthan,India,sarkar-travels,,,,,,
5,,Millath Hajj Services,Chennai,"1A, Habibullah Road, T. Nagar, Chennai –600017, Tamil Nadu. 99 6.",TRUE,2025-01-05 21:09:18+00,TRUE,Millath Hajj Services,Tamil Nadu,India,millath-hajj-services,,,,,,
6,,Mahfooz International,Delhi,"N-33/14, N Block, Munshi Lal Building, Middle Circle, Connaught Circus, New Delhi -110001 99 7.",TRUE,2025-01-06 14:36:55+00,TRUE,Mahfooz International,Delhi,India,mahfooz-international,,,,,,
7,,Rehbar Tours And Travels,Mumbai,"29, Ashfaq Mahal, 2nd Floor, Memonwada Raod, Mumbai - 400003, Maharashtra. 99 8.",TRUE,2025-01-07 02:48:07+00,TRUE,Rehbar Tours And Travels,New Delhi,India,rehbar-tours-and-travels,,,,,,
8,,Mirza Tour & Travel,Lucknow,"U.G 28 -29, Awadh Point Nakkhas Crossing, Lucknow -226003, Uttar Pradesh 99 9.",TRUE,2025-01-08 19:22:49+00,TRUE,Mirza Tour & Travel,Uttar Pradesh,India,mirza-tour-travel,,,,,,
9,,Al Amanath Haj Service (India) Pvt. Ltd ., Chennai,"No.251, Hamid Building 2nd Floor, Anna Salai,  Chennai. Pin : 600006, Tamil Nadu. 98 10.",TRUE,2025-01-09 08:11:34+00,TRUE,Al Amanath Haj Service (India) Pvt. Ltd .,Maharashtra,India,al-amanath-haj-service-india-pvt-ltd,,,,,,
10,,M K Travels,Mumbai,"Shop no.6, Kesrinath Building, 241, S.V.Road, Opp. Vijay Sales, Goregaon (W), Mumbai - 400062, Maharashtra . 99 11.",TRUE,2025-01-10 23:57:02+00,TRUE,M K Travels,Andhra Pradesh,India,m-k-travels,,,,,,
11,,Madina Tours And Travels,Hyderabad,"21-1-557, High  Court Road, Hyderabad -2, Andhra Pradesh. 99 12.",TRUE,2025-01-11 05:39:44+00,TRUE,Madina Tours And Travels,Andhra Pradesh,India,madina-tours-and-travels,,,,,,
12,,Kodan Tour Corportion,Thane,"Shop No. 4 &5, Rupvin CHS, LTD, Chanebori, Papdy, Vasai(W), Thane, Maharashtra -401207. 99 13.",TRUE,2025-01-12 17:26:19+00,TRUE,Kodan Tour Corportion,Maharashtra,India,kodan-tour-corportion,,,,,,
13,,Asian Tours And Travels,Mumbai,"21, Crystal Park, Sagar Malkani Complex, S.V Road, Jogeshwari (west), Mumbai 400102, Maharashtra. 98 14.",TRUE,2025-01-13 12:08:51+00,TRUE,Asian Tours And Travels,Maharashtra,India,asian-tours-and-travels,,,,,,
14,,Alhind Tours & Travels Pvt. Ltd.,Calicut,"Western Tourist Home Complex, 1st Floor, Mavoor Road, Dist. Calicut – 673 004, Kerala.      99 15.",TRUE,2025-01-14 01:42:28+00,TRUE,Alhind Tours & Travels Pvt. Ltd.,Kerala,India,alhind-tours-travels-pvt-ltd,,,,,,
15,,Sl-Irshad Haj Group (Al-Irshad  Tours &  Travels),Palakkad,"Raz Complex, Pallippuram Road, Pattambai PO. PIN 679303, Palakkad Dt. Kerala. 98 16.",TRUE,2025-01-15 20:14:06+00,TRUE,Sl-Irshad Haj Group (Al-Irshad  Tours &  Travels),Kerala,India,sl-irshad-haj-group-al-irshad-tours-travels,,,,,,
16,,Al- Jamih Hajj Group,Malappuram,"18/352/19, Santhosh Arcade Kozhikode Road, Perintalmann, Malappuram, Keral - 679322     99 17.",TRUE,2025-01-16 09:55:37+00,TRUE,Al- Jamih Hajj Group,Kerala,India,al-jamih-hajj-group,,,,,,
17,,Al Falah Travels & Haj Group,Malappuram,"13/694, Near Central Juma Masjid, Pandikkad Road, Manjeri, Malappuram Kerala - 676121 99 18.",TRUE,2025-01-17 16:33:12+00,TRUE,Al Falah Travels & Haj Group,Kerala,India,al-falah-travels-haj-group,,,,,,
18,,Al-Mabrook Haj Group,Malappuram,"Main Road Vengara & PO, Malappuram -676304. Kerala.     99 19.",TRUE,2025-01-18 04:21:59+00,TRUE,Al-Mabrook Haj Group,Kerala,India,al-mabrook-haj-group,,,,,,
19,,Al Hussam India Hajj & Umra Service Management,Cochin,"No. 32 & 33 (Cochin Corporation No. 44/448 D -13/14), 2nd Floor, Penta Tower, Kaloor, Cochin, Kerala. 99 20.",TRUE,2025-01-19 22:47:41+00,TRUE,Al Hussam India Hajj & Umra Service Management,Kerala,India,al-hussam-india-hajj-umra-service-management,,,,,,
20,,Al Farooq Haj Service,Kozhikode,"N.H. Koyas Bus Stop, Near Petrol Pump P.O. Feroke, cheruvannur, Kozhikode, Kerala. 98 21.",TRUE,2025-01-20 11:02:18+00,TRUE,Al Farooq Haj Service,Kerala,India,al-farooq-haj-service,,,,,,
21,,Al-Hidaya Hajj Service,Kerala,"Masjid Building, Court Junction, Mannarkkad P.O., Palakkad Dt., Kerala, State -678582 99 22.",TRUE,2025-01-21 06:18:54+00,TRUE,Al-Hidaya Hajj Service,Kerala,India,al-hidaya-hajj-service,,,,,,
22,,Al-Haramain Hajj Umra Travels,Kerala,"Hajj Houses, Near Juma Masjid, Paikada Road, Chinnakada, Kollam -691001, Kerala, India 99 23.",TRUE,2025-01-22 19:36:07+00,TRUE,Al-Haramain Hajj Umra Travels,Kerala,India,al-haramain-hajj-umra-travels,,,,,,
23,,Aslam Haj Travel And Tours,Kerala,"NH   Vettichira Post Punnathala Malappuram DT , Kerala - 676552 99 24.",TRUE,2025-01-23 03:09:45+00,TRUE,Aslam Haj Travel And Tours,Kerala,India,aslam-haj-travel-and-tours,,,,,,
24,,Altima Tours & Travels (P) Ltd,Trivandrum,"Corporation Building, Opp S.M.V. High School, MG Road, Trivandrum 695001 99",TRUE,2025-01-24 15:58:31+00,TRUE,Altima Tours & Travels (P) Ltd,Kerala,India,altima-tours-travels-p-ltd,,,,,,
25,,Air Travel Enterprises Ltd,Triivandrum,"New Corporation Building Palayam , Triivandrum -695033 99 26.",TRUE,2025-01-25 10:41:26+00,TRUE,Air Travel Enterprises Ltd,Kerala,India,air-travel-enterprises-ltd,,,,,,
26,,Arafath Hajj Group Fayeda Travel Agency  AYEDA,Malappuram,"TRAVEL AGENCY K.A.H C ompled Ootty Road, Perintalmanna, Malappuram - 679322, Kerala. 99 27.",TRUE,2025-01-26 21:27:53+00,TRUE,Arafath Hajj Group Fayeda Travel Agency  AYEDA,Kerala,India,arafath-hajj-group-fayeda-travel-agency-ayeda,,,,,,
27,,Akbar Travel And Tours,Malappuram,"1st, Noorjahan  Building, Opp. A.V.H.S. Ponnani, Malappuram, Kerala. Pin: 679577 99 28.",TRUE,2025-01-27 02:16:08+00,TRUE,Akbar Travel And Tours,Kerala,India,akbar-travel-and-tours,,,,,,
28,,Al-Rifai Haj Umra Service,Palakkad,"8/1267 -B,Bus Stand shopping Complex ,Main road Ottapalam, Palakkad DT, Pin -679101, Kerala 99 29.",TRUE,2025-01-28 18:05:44+00,TRUE,Al-Rifai Haj Umra Service,Kerala,India,al-rifai-haj-umra-service,,,,,,
29,,"Bakkah Hajj, Umrah Service",Malappuram,"VI / 254 A,B,C,D,E , Kolakkadan Tower P.O. Anakkayam , Malappuram, Kerala -676509 98 30.",TRUE,2025-01-29 07:34:29+00,TRUE,"Bakkah Hajj, Umrah Service",Kerala,India,bakkah-hajj-umrah-service,,,,,,
30,,Indian Hajj Service Corporation,Trivandrum,"Tc – 41/2427/7, Santhosh Complex, Toll Gate Jn: Manacaud PO, Trivsndrum, Kerala -695009 99 31.",TRUE,2025-01-30 23:51:12+00,TRUE,Indian Hajj Service Corporation,Kerala,India,indian-hajj-service-corporation,,,,,,
31,,Vazco Haj group,Calicut,"4/231 – F, 2nd floor, Alankar Building, Beypore, P.O Beypore  673015, Calicut, Kerala",TRUE,2025-01-31 14:09:57+00,TRUE,Vazco Haj group,Kerala,India,vazco-haj-group,,,,,,
32,,Mabrook Hajj Group (Ramla Travels),Malappuram,"(Ramla Travels), Puthanathani PO -Punnatala SR-Malappuram, Kerala -676552 99 33.",TRUE,2025-02-01 05:22:41+00,TRUE,Mabrook Hajj Group (Ramla Travels),Kerala,India,mabrook-hajj-group-ramla-travels,,,,,,
33,,Nusratth Hajj Group Travel & Tours,Malappuram,"2nd Floor, Kadeeja Complex, Thirur -676101, Mallapuram, Dt. Kerala, India 99 34.",TRUE,2025-02-02 19:48:06+00,TRUE,Nusratth Hajj Group Travel & Tours,Kerala,India,nusratth-hajj-group-travel-tours,,,,,,
34,,Najath Khidmathul Hujjaj,Malappuram,"C/o AI Fayeda Travel Agency  Fortune Plaza ; Chandappadi, Malappuram Post Palakkad Kerala Pin 678582.",TRUE,2025-02-03 08:17:33+00,TRUE,Najath Khidmathul Hujjaj,Kerala,India,najath-khidmathul-hujjaj,,,,,,
35,,Kerala Islam Hajj  & Umrah Service,Calicut,"17/475 D -7 , Third Floor , City Tower , Mavoor Road , Calicut - 4, Kerala. 99 36.",TRUE,2025-02-04 21:59:18+00,TRUE,Kerala Islam Hajj  & Umrah Service,Kerala,India,kerala-islam-hajj-umrah-service,,,,,,
36,,PKM Travels (Yeseen Haj Group ),Malappuram,"Pkm Tower, N.H. Junction, Puthanathani, Ounnathala PO Mallapuram Dt. Kerala -676552. 99 37.",TRUE,2025-02-05 12:36:49+00,TRUE,PKM Travels (Yeseen Haj Group ),Kerala,India,pkm-travels-yeseen-haj-group,,,,,,
37,,Samastha Kerela Sunni Yuvajana,Kozhikode,"Sangham (SYS Hajj Cell) Markaz Complex I.G. Road, Kozhikode 673004, Kerela 98 38.",TRUE,2025-02-06 03:05:24+00,TRUE,Samastha Kerela Sunni Yuvajana,Kerala,India,samastha-kerela-sunni-yuvajana,,,,,,
38,,SYS Haj Groups,Malappuram,"Sunni Mahal  Down Hill, Malappuram, Kerala -676519 99 39.",TRUE,2025-02-07 17:42:58+00,TRUE,SYS Haj Groups,Kerala,India,sys-haj-groups,,,,,,
39,,Salamath Haj Group,Calicut,"/231-E, 2nd floor, Alankar Building, Beypore, P. O Beypore – 673015, Calicut, Kerala 98 40.",TRUE,2025-02-08 06:28:11+00,TRUE,Salamath Haj Group,Kerala,India,salamath-haj-group,,,,,,
40,,Malabar Haj Group Service,Malappuram,"Thettath Tower, Edavvannappara, Cheruvayur -PO, Vazhakkad - Via, Malappuram Dt., Kerala -673645. 98 41.",TRUE,2025-02-09 22:14:39+00,TRUE,Malabar Haj Group Service,Kerala,India,malabar-haj-group-service,,,,,,
41,,Ummulkhura Hajj And Umra Service,Malappuram,"Old Bus Stand, AVS Road, Kottakkal, Malappuram District, Kerala -676503. 99 42.",TRUE,2025-02-10 11:07:05+00,TRUE,Ummulkhura Hajj And Umra Service,Kerala,India,ummulkhura-hajj-and-umra-service,,,,,,
42,,Al Tawaf Hajj -Umra Travel & Tourism,Kollam,"Kurumpelil Avenue, Polayathodu, Kollam -691021, Kerala. 99 43.",TRUE,2025-02-11 04:55:46+00,TRUE,Al Tawaf Hajj -Umra Travel & Tourism,Kerala,India,al-tawaf-hajj-umra-travel-tourism,,,,,,
43,,Al Amal Hajj Umra Service,Kannur,"Adivad, Pallarimangalam P.O. Ernakulam Dsit. Kerala -686671. 98 44. CATI (47) FADHIL GROUP TOURS AND TRAVELS 1st Floor, Keyi`S Complex,  Narangpuram,Thalassery, Pin: 670101, Kannur,Kerala 99 45.",TRUE,2025-02-12 18:23:59+00,TRUE,Al Amal Hajj Umra Service,Kerala,India,al-amal-hajj-umra-service,,,,,,
44,,"ZAM ZAM HAJ SERVICES,",Calicut,"Room No. 4/231 -C, 1st Floor Beypore, Calicut, Kerala. 99 46.",TRUE,2025-02-13 09:41:17+00,TRUE,"ZAM ZAM HAJ SERVICES,",Kerala,India,zam-zam-haj-services,,,,,,
45,,Arabian Tours & Travels,Mumbai,"95-A, Memonwada Road, Amina Apartment, Grd Floor, Shop No 2, Mumbai -400003 99 47.",TRUE,2025-02-14 20:36:44+00,TRUE,Arabian Tours & Travels,Maharashtra,India,arabian-tours-travels,,,,,,
46,,Asfahan Tours & Travels,Mumbai,"Hasham Building, 107 Mohd. Ali Raod, 2nd floor, Mumbai - 400003, Maharashtra. 99 48.",TRUE,2025-02-15 02:18:27+00,TRUE,Asfahan Tours & Travels,Maharashtra,India,asfahan-tours-travels,,,,,,
47,,Syedina Tours And Travels,Bangalore,"No.1/12, II Floor, Naaz Complex, 3rd Cross, NR Road, Bangalore – 560002. 99 49.",TRUE,2025-02-16 15:57:06+00,TRUE,Syedina Tours And Travels,Maharashtra,India,syedina-tours-and-travels,,,,,,
48,,Classic Tour & Travels Pvt. Ltd,Mumbai,"5, Sapphire Aptmt., Behind Markaz View CHS., Off S.V. Road, Jogeshwari (W), Mumbai. Pin: 400102. 99 50.",TRUE,2025-02-17 07:26:38+00,TRUE,Classic Tour & Travels Pvt. Ltd,Andhra Pradesh,India,classic-tour-travels-pvt-ltd,,,,,,
49,,ARK Enterprises Travel Agency,Hyderabad,"Office No. 55, 38 -39 Ground Floor M.C H Door No. 5 -4-183, Situated at Twin City Complex M.J. Road, Hyderabad -50001 99 51.",TRUE,2025-02-18 23:09:54+00,TRUE,ARK Enterprises Travel Agency,Andhra Pradesh,India,ark-enterprises-travel-agency,,,,,,
50,,Alifya Tours & Travels Pvt. Ltd.,Mumbai,"11/12, Swastik Chambers Mezzainine Floor, Above M.K Shopping Centre, OPP. Hazi Musafirkhana Road, Mumbai - 4800001 98 52.",TRUE,2025-02-19 10:44:22+00,TRUE,Alifya Tours & Travels Pvt. Ltd.,Maharashtra,India,alifya-tours-travels-pvt-ltd,,,,,,
51,,Darvesh Tours & Travels,Ahmedabad,"1358 M.M. House , Nd Floor, Next to Khadi Haat Gramodhyoug, Salapose Road, Ahmedabad -380001, Gujarat 99 53.",TRUE,2025-02-20 05:31:19+00,TRUE,Darvesh Tours & Travels,Gujarat,India,darvesh-tours-travels,,,,,,
52,,Tawakkal Tours (Baroda),Vadodara,"Ayesha Market,Panigate Road ,Opp.City Police Station, Vadodara -390017 99 54.",TRUE,2025-02-21 19:15:47+00,TRUE,Tawakkal Tours (Baroda),Gujarat,India,tawakkal-tours-baroda,,,,,,
53,,M/S Hijaz Tours & Travels,Mumbai,"Shop No. 9, Riza jama Masjid Chowl, Vijay Nagar, Marol Moroshi Road, Andheri(E), Mumbai -400059 99 55.",TRUE,2025-02-22 08:02:33+00,TRUE,M/S Hijaz Tours & Travels,Gujarat,India,ms-hijaz-tours-travels,,,,,,
54,,Azeem Tours & Travels,Pune,"Shop No.1, Hasina House 191, Nagpur Chawl,1 Lane Airport Road, Yerwada Pune -411006 99 56.",TRUE,2025-02-23 21:48:11+00,TRUE,Azeem Tours & Travels,Maharashtra,India,azeem-tours-travels,,,,,,
55,,3 N Travel & Tourist Bureau,Mumbai,"39/40, „A‟ Wing, Grace Plaza, S.V. Road, Jogeshwari, (West), Mumbai - 400102 99 57.",TRUE,2025-02-24 13:26:59+00,TRUE,3 N Travel & Tourist Bureau,Gujarat,India,3-n-travel-tourist-bureau,,,,,,
56,,Hajipir Haj Tour,Bhuj Kutch,"Hajipir House, Near Kumbhar  Masjid,  Bhid Azad Chowk, Bhuj Kutch, Gujarat - 370001 99 58.",TRUE,2025-02-25 04:11:42+00,TRUE,Hajipir Haj Tour,Gujarat,India,hajipir-haj-tour,,,,,,
57,,Al Habeeb Tours,Mumbai,"Shop No. 2, Gr. Floor, Sainath CHS Plot No. 63, RSC 6, Malwani, Malad(W), Mumbai – 400 095 98 59.",TRUE,2025-02-26 18:39:05+00,TRUE,Al Habeeb Tours,Maharashtra,India,al-habeeb-tours,,,,,,
58,,Al-Multazim Haj Umrah Services,Mumbai,"3, Environemmanuel Sector 19/20 Near Bank of India CBD Belapur Navi Mumbai -400614. 99 60.",TRUE,2025-02-27 06:58:21+00,TRUE,Al-Multazim Haj Umrah Services,Maharashtra,India,al-multazim-haj-umrah-services,,,,,,
59,,Tawaf – E – Makkah,Mumbai,"Amin Building, Shop No. 2, 55/65, Ebrahim Rehmatullah Road, Mumbai - 400003 99 61.",TRUE,2025-02-28 22:07:34+00,TRUE,Tawaf – E – Makkah,Gujarat,India,tawaf-e-makkah,,,,,,
60,,Relief Travel and Tours,Godhra,"Near Zakaria Masjid, Zakaria Mohalla Vejalpur  Road, Godhra, Gujrat -389001 99 62.",TRUE,2025-03-01 11:45:18+00,TRUE,Relief Travel and Tours,Gujarat,India,relief-travel-and-tours,,,,,,
61,,Labbaik Tours And Travels,Mumbai,"283, Abdul Rehama Street, 1st floor,  Opp. Badshah Depot Market, Shop No. 3D/3F, Mumbai -400003, Maharahstra. 99 63.",TRUE,2025-03-02 03:24:56+00,TRUE,Labbaik Tours And Travels,West Bengal,India,labbaik-tours-and-travels,,,,,,
62,,M.G. Tours & Travels.,Parganas,"16/C/2, Banamamaliapur Main Road, Masjidpara (E), PO & PS - Barasat, Distt. North 24, Parganas, PIN -700124, West Bengal 99 64.",TRUE,2025-03-03 17:36:41+00,TRUE,M.G. Tours & Travels.,Maharashtra,India,mg-tours-travels,,,,,,
63,,Welcome Tours & Travels,Mumbai,"Omar Manzil, Ground Floor, 83 Memonwada Road, Behind Minara Masjid, Mumbai - 400003, MH 99 65.",TRUE,2025-03-04 09:18:27+00,TRUE,Welcome Tours & Travels,Maharashtra,India,welcome-tours-travels,,,,,,
64,,Zam Zam Haj Tours and Travels,Madanpura,"231/A, Society Building, Shop No 1. Maulana Azad Road, Madanpura, Mumbai - 400008 99 66.",TRUE,2025-03-05 21:54:03+00,TRUE,Zam Zam Haj Tours and Travels,Jammu and Kashmir,India,zam-zam-haj-tours-and-travels,,,,,,
65,,Al Khuddam Haj & Umrah Services,Srinagar,"12- Makkah Tower M.A. Link Road, Munarabad, Srinagar, Jammu & Kashmir 99 67.",TRUE,2025-03-06 14:02:49+00,TRUE,Al Khuddam Haj & Umrah Services,Maharashtra,India,al-khuddam-haj-umrah-services,,,,,,
66,,Al-Kabeer Tours & Travels,Mumbai,"Shop No. 6, Shimla Park A/B Wing Kausa, Mumbra Dist. Thane. 99 68.",TRUE,2025-03-07 05:29:11+00,TRUE,Al-Kabeer Tours & Travels,Maharashtra,India,al-kabeer-tours-travels,,,,,,
67,,Atlas Tours And Travels Pvt.Ltd,Mumbai,"53, Haji Mahal, Ground Floor, Shop No. 1, Mohammed Ali road, Mumbai -400003, Maharastrah. 99 69.",TRUE,2025-03-08 19:41:55+00,TRUE,Atlas Tours And Travels Pvt.Ltd,Maharashtra,India,atlas-tours-and-travels-pvt-ltd,,,,,,
68,,Al Irfan Tours And Travels,Mumbai,"57/A, Mohammed Ali Road, Ground Floor Shop no.2, Mumbai - 400003, Maharashtra. 99 70.",TRUE,2025-03-09 08:16:38+00,TRUE,Al Irfan Tours And Travels,Maharashtra,India,al-irfan-tours-and-travels,,,,,,
69,,Ashiyana Tour & Travels,Laxmi Nagar,"J-3/107, J -Extension Laxmi Nagar -92, New Delhi 99 71.",TRUE,2025-03-10 23:07:24+00,TRUE,Ashiyana Tour & Travels,Delhi,India,ashiyana-tour-travels,,,,,,
70,,Faiz Travels,Meerut,"239, Shakoor Nagar, Near Rashidya Masjid Lisari Road, Meerut -250002, Uttar Pradesh. 99 72.",TRUE,2025-03-11 12:35:09+00,TRUE,Faiz Travels,Uttar Pradesh,India,faiz-travels,,,,,,
71,,Islamic Tours & Travels,Lucknow,"05, F.I. Tower , 37, Cantt  Road, Lucknow Pin: 226001 99 73.",TRUE,2025-03-12 04:58:46+00,TRUE,Islamic Tours & Travels,Uttar Pradesh,India,islamic-tours-travels,,,,,,
72,,Delta Tours & Travels,Mumbai,"90/94, Janjikar Street, Near Old Bangalipura, Near Crawford Market, Mumbai 400003. 98 74.",TRUE,2025-03-13 18:27:33+00,TRUE,Delta Tours & Travels,Maharashtra,India,delta-tours-travels,,,,,,
73,,Haj Corporation Of India,Bangalore,"No.17, I Floor, Dispensary Road, Bangalore -560001, Karnataka. 99 75.",TRUE,2025-03-14 06:14:52+00,TRUE,Haj Corporation Of India,Maharashtra,India,haj-corporation-of-india,,,,,,
74,,Al-Jamil Haj Tours,Mumbai,"5, Bhimji Ramji Building,Kapad Bazar Road, Mahim (W) Mumbai - 400016     99 76.",TRUE,2025-03-15 21:49:06+00,TRUE,Al-Jamil Haj Tours,Maharashtra,India,al-jamil-haj-tours,,,,,,
75,,Benzy Tours & Travels Pvt Ltd.,Mumbai,"62 , Janjikar Street , 1st Floor , Near Crawford Market , Mumbai -400003 99 77.",TRUE,2025-03-16 10:03:41+00,TRUE,Benzy Tours & Travels Pvt Ltd.,Maharashtra,India,benzy-tours-travels-pvt-ltd,,,,,,
76,,Merchant Tour Services Pvt Ltd,Mumbai,"Merchant House 89, Memonwada Road, Near Minara Masjid, Mumbai - 400003 99 78.",TRUE,2025-03-17 02:56:28+00,TRUE,Merchant Tour Services Pvt Ltd,Maharashtra,India,merchant-tour-services-pvt-ltd,,,,,,
77,,Akbar Travels of India Pvt. Ltd.,Mumbai,"Akbar Bhavan,  69/71, Janjikar Street, Crawford Market, Mumbai -400003, Maharashtra. 98 79.",TRUE,2025-03-18 17:22:19+00,TRUE,Akbar Travels of India Pvt. Ltd.,Maharashtra,India,akbar-travels-of-india-pvt-ltd,,,,,,
78,,Al Akram Haj Tours,Mumbai,"R/4 Chawl No 2, Pushpraj Housing Society, Tilak Nagar, Sakinaka, Mumbai – 400072 99 80.",TRUE,2025-03-19 08:44:55+00,TRUE,Al Akram Haj Tours,Maharashtra,India,al-akram-haj-tours,,,,,,
79,,Mulana Tours Corporation,Mumbai,"Al-Madina Palace, Gr. Floor Shop No. 3 Near Hayar Hotel, 18 Dontad Street Khadak, Mumbai -400009 99 81.",TRUE,2025-03-20 23:31:07+00,TRUE,Mulana Tours Corporation,Maharashtra,India,mulana-tours-corporation,,,,,,
80,,Al-Arafat Haj & Umrah Tours,Nagpur,"66/A,Al -Amaan, Opp. Garden Shanti Nagar, Mahesh Nagar, Nagpur, Maharashtra. 99 82.",TRUE,2025-03-21 14:18:49+00,TRUE,Al-Arafat Haj & Umrah Tours,Karnataka,India,al-arafat-haj-umrah-tours,,,,,,
81,,Ateeq Haj Tours & Travels,Bangalore,"No.15/2, Infantry Road Cross, Bangalore - 560001, Karnataka. 99 83.",TRUE,2025-03-22 05:06:33+00,TRUE,Ateeq Haj Tours & Travels,Karnataka,India,ateeq-haj-tours-travels,,,,,,
82,,Seair  Haj Services,Bangalore,"3, 1st Floor, „J‟ Block, Unity Building, J.C. Road, Bangalore -560 002 99 84.",TRUE,2025-03-23 19:54:12+00,TRUE,Seair  Haj Services,Karnataka,India,seair-haj-services,,,,,,
83,,Karnataka Haj Group,Bangalore,"150, Ebrahim Sahib Street, Bangalore - 560001,  Karnataka. 99 85.",TRUE,2025-03-24 07:39:28+00,TRUE,Karnataka Haj Group,Karnataka,India,karnataka-haj-group,,,,,,
84,,Al-Sayed Tours International,Bangalore ‚,"GF-28, Hameed Sha Complex, Cubbonpet Main Road, Bangalore ‚Äì 560 002, Karnataka 99 86.",TRUE,2025-03-25 21:11:56+00,TRUE,Al-Sayed Tours International,Karnataka,India,al-sayed-tours-international,,,,,,
85,,Labbaik Tours & Travels,Bangalore,"Office No 308, Kedia Arcade, 3rd Floor, #92, Infantry Road, Bangalore – 560001 Karnataka 98 87.",TRUE,2025-03-26 12:47:34+00,TRUE,Labbaik Tours & Travels,Karnataka,India,al-manasik-tours-international,,,,,,
86,,Al-Manasik Tours International,Bangalore,"No.14/A, Nalal, Road, Evening Bazar, shivaji Nagar, Bangalore - 560001, Karnataka. 99 88.",TRUE,2025-03-27 03:25:18+00,TRUE,Al-Manasik Tours International,Karnataka,India,allahu-akbar-tours-travels,,,,,,
87,,Allahu Akbar Tours & Travels,Bangalore,"#.80, Infantry Road , Opp. S.B.I. Bank , Near Safina Plaza , Bangalore -560001,  Karnataka. 99 89.",TRUE,2025-03-28 18:09:44+00,TRUE,Allahu Akbar Tours & Travels,Karnataka,India,js-tours-travels,,,,,,
88,,JS Tours & Travels,Banglore,"#9/1, Cunningham Road, Flat, G -1A, Commerce House Building, Banglore -560052 99 90.",TRUE,2025-03-29 06:52:07+00,TRUE,JS Tours & Travels,Karnataka,India,bismillah-tours-travels,,,,,,
89,,Bismillah Tours & Travels,Bangalore,"23/B 1st Floor ,  Hazrath Hamid Shah Complex, Cubbon pet Main Road Bangalore 560002, Karnataka. 99 91.",TRUE,2025-03-30 22:38:59+00,TRUE,Bismillah Tours & Travels,Karnataka,India,al-madinah-tours-and-travels,,,,,,
90,,Al-Madinah Tours And Travels,Bangalore,"No.172, 32nd Cross, 4th T Block, Opp Rajiv Gandhi University Jayanagar, Bangalore -560041 99 92.",TRUE,2025-03-31 11:19:41+00,TRUE,Al-Madinah Tours And Travels,Karnataka,India,muslim-tours-corporation,,,,,,
91,,Muslim Tours Corporation,Mumbai,"Halima Manzil, First Floor, Gavthan Lane No. 4, Opp. Post Office, S. V. Road, Andheri (W) Mumbai -400058, Maharashtra . 99 93.",TRUE,2025-04-01 04:07:26+00,TRUE,Muslim Tours Corporation,Maharashtra,India,al-farid-tours-travels,,,,,,
92,,Al Farid Tours & Travels,Navsari,"Malekwad, Navsari -396445, Gujarat. 99 94.",TRUE,2025-04-02 19:44:58+00,TRUE,Al Farid Tours & Travels,Gujarat,India,sky-ship-international-pvt-ltd,,,,,,
93,,Sky Ship International  Pvt Ltd,Mumbai,"124, M.E. Sarang Marg, Jhanda Gali, Memonwada Road, Mumbai, Maharashtra. 99 95.",TRUE,2025-04-03 08:16:11+00,TRUE,Sky Ship International  Pvt Ltd,Maharashtra,India,saudi-tours-travels,,,,,,
94,,Saudi Tours & Travels,Mumbai,"89-91-93 Guru Nanak Niwas, 1st Floor R.No.6, Bhandari Street, Mumbai -400003, Maharashtra.     98 96.",TRUE,2025-04-04 23:59:47+00,TRUE,Saudi Tours & Travels,Maharashtra,India,makkah-haj-corporation,,,,,,
95,,Makkah Haj Corporation,Mumbai,"Chataiwala Building, 1st Floor, 188, Yusuf Mehrauli Road, Near Zakaria Masjid, Mumbai – 400 003 99 97.",TRUE,2025-04-05 14:35:09+00,TRUE,Makkah Haj Corporation,Maharashtra,India,modern-tours-travels,,,,,,
96,,Modern Tours & Travels,Kolkata,"19A, Mirza Ghalib Street, Kolkata -700016, West Bengal. 99 98.",TRUE,2025-04-06 05:21:33+00,TRUE,Modern Tours & Travels,Gujarat,India,suez-internationals,,,,,,
97,,Suez Internationals,Navsari,"Shop No. 5 -6, Jaydeep Shopping Center  AT. Thala. Chikhli, Navsari, Gujarat 99 99.",TRUE,2025-04-07 18:47:56+00,TRUE,Suez Internationals,Maharashtra,India,meezab-e-rahemet-haj-umrah-ziyarat-tours,,,,,,
98,,Meezab -E- Rahemet Haj Umrah & Ziyarat Tours,Nasik,"461/B, Khayaban Nishat Chowk, Motipura Malegaon, Distt. Nasik, Maharashtra. 99 100.",TRUE,2025-04-08 07:32:14+00,TRUE,Meezab -E- Rahemet Haj Umrah & Ziyarat Tours,West Bengal,India,hamdaan-travel-services,,,,,,
99,,Hamdaan Travel Services,Kolkata,"40-D Mirza Ghalib Street, PO - Park Street, PS - New Market, Kolkata -700016, West Bengal. 98 101.",TRUE,2025-04-09 21:09:38+00,TRUE,Hamdaan Travel Services,Maharashtra,India,al-hamd-haj-umrah-tours,,,,,,
100,,Al-Hamd Haj & Umrah Tours,Mumbai,"2, Habib Compound, Near Momin Nagar, Opp. Jogeshwari Stn. (W), Mumbai -400102, Maharashtra. 98 102.",TRUE,2025-04-10 12:56:02+00,TRUE,Al-Hamd Haj & Umrah Tours,Maharashtra,India,peerzada-travels,,,,,,
101,,Peerzada Travels, Mumbai,"Shop No. 1/B, Grd Flr, Habib Bldg, 145/47, S.V.P Road, Dongri,  Mumbai -09, Maharashtra. 99 103.",TRUE,2025-04-11 04:41:29+00,TRUE,Peerzada Travels,Maharashtra,India,arfa-tours-travels,,,,,,
102,,Arfa Tours &  Travels,Uran,"Shop No.1, Ground Floor, Sonde Appartment,Shiv Shankar Co.operative Society Housing Society Ltd., Uran  Nagaon Road, Uran -400702, Mumbai. 99 104.",TRUE,2025-04-12 19:18:55+00,TRUE,Arfa Tours &  Travels,Gujarat,India,adenwala-tours-and-travels,,,,,,
103,,Adenwala Tours And Travels,Ahmedabad,"1604 Vichhi‟s Pole, Nr. Mandvi‟s Pole, Astodia Road, Ahmedabad, Gujarat. 99 105.",TRUE,2025-04-13 08:03:41+00,TRUE,Adenwala Tours And Travels,Maharashtra,India,darul-haram-tours-travels,,,,,,
104,,Darul Haram Tours & Travels,Mumbai,"45/3, Kolsa Street, Beg Mohammed Building, 1st Floor, Pydhonie, Mumbai -400003, Maharashtra. 98 106.",TRUE,2025-04-14 22:27:16+00,TRUE,Darul Haram Tours & Travels,Maharashtra,India,al-aqsa-tours-travels,,,,,,
105,,Al Aqsa Tours & Travels,Kolkata,"91, Muzaffar Ahmed Street, Kolkata – 700016 99 107.",TRUE,2025-04-15 13:44:58+00,TRUE,Al Aqsa Tours & Travels,Maharashtra,India,quadri-haj-service,,,,,,
106,,Quadri Haj Service,Jabalpur,"B-4 & B -5, Rada Market, BadiOmti Chowk, Jabalpur -482002, Madhya Pradesh. 99 108.",TRUE,2025-04-16 06:19:07+00,TRUE,Quadri Haj Service,West Bengal,India,fly-international,,,,,,
107,,Fly International,Mumbai,"170, Zakaria Masjid Stree, Near Hashemia High School, Mumbai -400009, Maharashtra. 99 109.",TRUE,2025-04-17 20:52:31+00,TRUE,Fly International,Maharashtra,India,mukhlish-haj-umrah-tour,,,,,,
108,,Mukhlish Haj & Umrah Tour,Bhiwandi,"56/1, 3rd Nizampur, Patel Mohallah, Bhiwadi, Dist-Thane(M.S) Pin -421302 99 110.",TRUE,2025-04-18 09:38:45+00,TRUE,Mukhlish Haj & Umrah Tour,Maharashtra,India,multazim-haj-corporation,,,,,,
109,,Multazim Haj Corporation,Mumbai,"Near Jama Masjid , Papdi, Taluka : Vasai (W), Dist. Thane Pin ;401207 Maharashtra 99 111.",TRUE,2025-04-19 23:05:12+00,TRUE,Multazim Haj Corporation,Maharashtra,India,aman-tourism,,,,,,
110,,Aman Tourism,Kolhapur,"265, „E‟ Ward Baker Corner, New Shahupuri, Kolhapur - 416001, Maharashtra. 99 112.",TRUE,2025-04-20 14:27:59+00,TRUE,Aman Tourism,Maharashtra,India,shah-haj-services-pvt-ltd,,,,,,
111,,Shah Haj Services Pvt Ltd.,Chennai,"Old No : 35 New No. 71, Sri Venkatesh Bhavan, Portion - D, 3rd Floor, Arminian Street, Chennai – 600001, Tamil Nadu. 99 113.",TRUE,2025-04-21 05:46:33+00,TRUE,Shah Haj Services Pvt Ltd.,Tamil Nadu,India,al-ameen-tours-travels,,,,,,
112,,Bismillah Tours & Travels Pvt. Ltd.,"Bhawani Peth, Pune","Shop No. 3, Ground Floor, “Isha Chambers”, 853, Bhawani Peth, Pune -411042 99 114.",TRUE,2025-04-22 19:11:08+00,TRUE,Bismillah Tours & Travels Pvt. Ltd.,Uttar Pradesh,India,tashkent-tours-travel,,,,,,
113,,Al-Ameen Tours & Travels,Kanpuri,"93/84, Super Market, Shop No. 4, Nai Sarak, Near Choti Edgah, Kanpur – 01, Uttar Pradesh.     99 115.",TRUE,2025-04-23 08:54:41+00,TRUE,Al-Ameen Tours & Travels,Uttar Pradesh,India,roshan-haj-umrah-tours-travels,,,,,,
114,,Tashkent Tours & Travel,Surat,"2/3151, Patel Manzil, Pahadhkan Street, Sagrampura, Surat - 395002, Gujarat. 99 116.",TRUE,2025-04-24 21:36:19+00,TRUE,Tashkent Tours & Travel,Maharashtra,India,ms-fathimagani-haj-service,,,,,,
115,,Roshan Haj Umrah Tours & Travels,Mumbai,"B-31/101, Amrapali Shantinagar CHS LTD, Sec.11, Behind TMT Bus Stop, Shanti Nagar, Mira Road East, Thane Pin:401107 99 117.",TRUE,2025-04-25 12:07:11+00,TRUE,Roshan Haj Umrah Tours & Travels,Tamil Nadu,India,ikram-haj-corporation,,,,,,
116,,M/s Fathimagani Haj Service,Ramanatha,"New No : 58/123, Govt [Lathoms Bungalow Road] Old No : 12A Hospital Road, Mohamed Sathak Centre Ramanatha Puramm 623501, Tamil Nadu.",TRUE,2025-01-01 03:14:22+00,TRUE,M/s Fathimagani Haj Service,Tamil Nadu,India,kolhapur-haj-corporation,,,,,,
117,,Ikram Haj Corporation,Dist. Thane,"175/1, Saudagar Mohalla, Near Jama Masjid, Bhiwandi, Dist. Thane - 421302, Maharashtra. 99 119.",TRUE,2025-01-02 11:45:09+00,TRUE,Ikram Haj Corporation,Maharashtra,India,muqaddas-haj-corporation,,,,,,
118,,Kolhapur Haj Corporation,Kolhapur,"Karan Park , B Wing , Gala No.6 Opp. Ghatage Patil Industries , Uchgaon Kolhapur, Maharashtra     99 120.",TRUE,2025-01-03 18:27:41+00,TRUE,Kolhapur Haj Corporation,Maharashtra,India,al-aqib-travel-service,,,,,,
119,,Muqaddas Haj Corporation,Vasai,Baitul Hamd Near Jama Masjid Papdi Taluka - Vasai District - Thane MS 401207 99 121.,TRUE,2025-01-04 06:52:33+00,TRUE,Muqaddas Haj Corporation,Maharashtra,India,as-serat-tours,,,,,,
120,,Al Aqib Travel Service,Mumbra,"Nasheman Colony, Shop No. 01/L -Wing, Opp. Sahil Hotel, Kausa, Mumbra, Dist. Thane -400612 99 122.",TRUE,2025-01-05 21:09:18+00,TRUE,Al Aqib Travel Service,Maharashtra,India,ansaar-tours-travels,,,,,,
121,,As Serat Tours,Mumbai,"56/58 Surmawala Building, Shop No 2/A Hazrat Abbas (a s) Street Palagali Dongri, Mumbai - 400009, Maharashtra. 99 123.",TRUE,2025-01-06 14:36:55+00,TRUE,As Serat Tours,Maharashtra,India,shafi-haj-umra-tours,,,,,,
122,,Ansaar Tours & Travels,Pune,"Shop no. 5 -7, Modern Pride Near Pensionwala Masjid, 410, Nana Peth, Pune. Pin: 411002. 99 124.",TRUE,2025-01-07 02:48:07+00,TRUE,Ansaar Tours & Travels,Maharashtra,India,razzak-enterprises,,,,,,
123,,Shafi Haj & Umra Tours,Ahmednagar,"750/A Mangal Gate, Behind Raj Chambers, Ahmednagar Maharashtra.",TRUE,2025-01-08 19:22:49+00,TRUE,Shafi Haj & Umra Tours,Maharashtra,India,badsha-tours-travels,,,,,,
124,,Razzak Enterprises,Hyderabad,"87-91,1st Floor Madina Tower, Dewan Devdi, Hyderabad  500002, Andhra Pradesh. 99 126.",TRUE,2025-01-09 08:11:34+00,TRUE,Razzak Enterprises,,India,rabita-haj-umrah-tours,,,,,,
125,,Badsha Tours & Travels,Kadapa,"19/498 Shop No. 2& 3, S.M.S. Plaza House Street, Dist. Kadapa -51600 99 127.",TRUE,2025-01-10 23:57:02+00,TRUE,Badsha Tours & Travels,,India,arfath-tours-haj-umrah-group,,,,,,
126,,Rabita Haj Umrah Tours,Aurangabad,"Rabita Tower, Shop no. 4, Deodi Bazar, Lota Karanja Road, Aurangabad, Maharashtra. 99 128.",TRUE,2025-01-11 05:39:44+00,TRUE,Rabita Haj Umrah Tours,,India,al-azam-tours-travels,,,,,,
127,,Arfath Tours Haj & Umrah Group,Haveli,"# 22-7-387/3, Opp.Police Commissioner Office & City Civil Court,Purani Haveli,Hyderabad 500002 98 129.",TRUE,2025-01-12 17:26:19+00,TRUE,Arfath Tours Haj & Umrah Group,,India,kaazi-sarkar-travels,,,,,,
128,,Al – Azam Tours & Travels,Hyderabad,"35,Twin City Complex, J.N Road, M.J. Road, Hyderabad - 500001, Andhra Pradesh. 98 130.",TRUE,2025-01-13 12:08:51+00,TRUE,Al – Azam Tours & Travels,,India,royell-travel-and-cargo-service,,,,,,
129,,Kaazi Sarkar Travels,Neemuch,"In front of LPG Gas pump, MHOW Road, Neemuch, Madhya Pradesh. 98 131.",TRUE,2025-01-14 01:42:28+00,TRUE,Kaazi Sarkar Travels,,India,al-yaseen-tours-travels,,,,,,
130,,Royell Travel And Cargo Service,Hyderabad,"#5-9-83/1, Chapel Road, Abide, Hyderabad, Andhra Pradesh. 98 132.",TRUE,2025-01-15 20:14:06+00,TRUE,Royell Travel And Cargo Service,,India,hijra-haj-group-hijra-travels,,,,,,
131,,Al-Yaseen Tours & Travels,Hyderabad,"22-7-269/27, Inside Dewan Devdi , Hyderabad -500002, Andhra Pradesh. 99 133.",TRUE,2025-01-16 09:55:37+00,TRUE,Al-Yaseen Tours & Travels,,India,khadim-tours-travels,,,,,,
132,,Hijra Haj Group ( Hijra Travels),Malappuram,"19/410 D,E, F TMH Building, Pandikkad Road, Manjeri Malappuram Dist., Kerala -676121 99 134.",TRUE,2025-01-17 16:33:12+00,TRUE,Hijra Haj Group ( Hijra Travels),,India,alton-travels-and-cargo,,,,,,
133,,Khadim Tours & Travels,Mumbai,"19/A, Tandel Street, 2nd Abdullah Mansion, Bawa Gali, Dongri, Mumbai - 400009, Maharashtra. 99 135.",TRUE,2025-01-18 04:21:59+00,TRUE,Khadim Tours & Travels,,India,muqaddas-tours-travels,,,,,,
134,,Alton Travels And Cargo,Hyderabad ,"MCH No. 5 -9-101/F, Ground Floor,  Public Garden Road, Hyderabad  - 500001, Andhra Pradesh. 99 136.",TRUE,2025-01-19 22:47:41+00,TRUE,Alton Travels And Cargo,,India,baitullah-tours-international,,,,,,
135,,Muqaddas Tours & Travels,Bangalore,"No. 21 Azeema Building, Tippu Sultan Palace Road, (A.V. 99 Road) Kalasipalyum, Bangalore -560002, Karnataka. 137.",TRUE,2025-01-20 11:02:18+00,TRUE,Muqaddas Tours & Travels,,India,tawakkul-tours-travels,,,,,,
136,,Baitullah Tours International,Bangalore,"No. 9 -12, S.L.N  Complex, City market square, Bangalore - 560026. Karnataka. 99 138.",TRUE,2025-01-21 06:18:54+00,TRUE,Baitullah Tours International,,India,ghouse-tours-travels,,,,,,
137,,Tawakkul Tours & Travels,Bangalore,"No.88 1st Floor, Coles Road, Frazer Town, Bangalore – 560005, Karnataka. 99 139.",TRUE,2025-01-22 19:36:07+00,TRUE,Tawakkul Tours & Travels,,India,alliance-international-tours-and-travels,,,,,,
138,,Ghouse Tours & Travels,Bangalore,"No.3/1, 1st floor, R.T Nagar Main Road,  Rehamant Nagar, Bangalore -560032, Karnataka. 99 140.",TRUE,2025-01-23 03:09:45+00,TRUE,Ghouse Tours & Travels,,India,dheen-haj-service,,,,,,
139,,Alliance International Tours And Travels,Mumbai,"103/A , Royal Garden , Dr Annie Besant Road , Worli , Mumbai 400018, Maharashtra. 99 141.",TRUE,2025-01-24 15:58:31+00,TRUE,Alliance International Tours And Travels,,India,razak-sons-kakiwala-tours-travels,,,,,,
140,,Dheen Haj Service,Chennai,"22, Aravamudhan Garden Street, Egmore, Chennai - 600008, Tamil Nadu. 99 142.",TRUE,2025-01-25 10:41:26+00,TRUE,Dheen Haj Service,,India,al-madeena-haj-umrah-tours,,,,,,
141,,Razak & Sons(Kakiwala Tours & Travels),Ahmedabad,"7, Gr. Floor, Patel Chambers (Fatema Chambers) Near H.K. House, Ashram Road, Ahmedabad -9. GF/FF, Kaki Chambers Timba Pole, Panchpatti, Kalupur, Ahmedabad -380001, Gujarat. 99 143.",TRUE,2025-01-26 21:27:53+00,TRUE,Razak & Sons(Kakiwala Tours & Travels),,India,al-akbar-tours,,,,,,
142,,Al Madeena Haj Umrah Tours,Nasik,"105/A First Floor Mangal War Ward Malegaon Dist. Nasik, Maharashtra. 99 144.",TRUE,2025-01-27 02:16:08+00,TRUE,Al Madeena Haj Umrah Tours,,India,hajir-tours-travels,,,,,,
143,,Al-Akbar Tours,Mumbai,"74, Samuel Street , 2/11, Masjid Building, Mumbai -400009, Maharashtra. 98 145.",TRUE,2025-01-28 18:05:44+00,TRUE,Al-Akbar Tours,,India,al-noor-haj-service-india-pvt-ltd,,,,,,
144,,Hajir Tours & Travels,Secunderabad,"S. No. 7, First Floor, H.M. Ishaque Estate, M.G. Road, Secunderabad - 5000003 (Andhra Pradesh) 99 146.",TRUE,2025-01-29 07:34:29+00,TRUE,Hajir Tours & Travels,,India,al-hudha-haj-service-p-ltd,,,,,,
145,,Al- Noor Haj Service (India) Pvt Ltd.,Thanjavur,"Registered Office: Aysha Complex, 38/1, Court Road, Thanjavur - 6130001, Tamilnadu. 99 147.",TRUE,2025-01-30 23:51:12+00,TRUE,Al- Noor Haj Service (India) Pvt Ltd.,,India,al-haramine-haj-services-p-ltd,,,,,,
146,,Al -Hudha Haj Service (P) Ltd,Chennai,"2/117 , Armenian Street , 2nd Floor Mannady , Chennai - 600001, Tamil Nadu 98 148.",TRUE,2025-01-31 14:09:57+00,TRUE,Al -Hudha Haj Service (P) Ltd,,India,al-hussam-travel-tours-india,,,,,,
147,,Al Haramine Haj Services (P) Ltd,Broadway,"Old No 73, New No 10, thatha Muthiappan Street, Opp Kothawal Chanadi Police Stationgeorge Towa, Broadway, Chennai -600001 99 149.",TRUE,2025-02-01 05:22:41+00,TRUE,Al Haramine Haj Services (P) Ltd,,India,saleem-haj-umrah-service,,,,,,
148,,Al-Hussam Travel & Tours India P. India,Kilpauk,"No. 3, Balfours Road, Kilpauk, Chennai -600010 99 150.",TRUE,2025-02-02 19:48:06+00,TRUE,Al-Hussam Travel & Tours India P. India,,India,al-fathah-haj-service-pvt-ltd,,,,,,
149,,Saleem Haj & Umrah Service,Chennai,"No.3/2 First Floor , Kumarappa Street, Periamet , Chennai – 600003, Tamil Nadu. 99 151.",TRUE,2025-02-03 08:17:33+00,TRUE,Saleem Haj & Umrah Service,,India,al-misbah-haj-umrah-services,,,,,,
150,,Al Fathah Haj Service Pvt. Ltd.,Kayalpatnam,"82C, Sea Customs Road, Kayalpatnam -628204, Thoothukudi Distt. Tamil Nadu 99 152.",TRUE,2025-02-04 21:59:18+00,TRUE,Al Fathah Haj Service Pvt. Ltd.,,India,richway-tours-and-travels,,,,,,
151,,Al Misbah Haj & Umrah Services,Chennai,"51, Sydenhams Road, Periamet, Chennai -3, Tamil Nadu. 99 153.",TRUE,2025-02-05 12:36:49+00,TRUE,Al Misbah Haj & Umrah Services,,India,al-safa-tours,,,,,,
152,,Richway Tours And Travels,Coimbatore,"Qurrathul Ayne ,33 Sir Shanmugam Road, R.S Puram , Coimbatore – 641002, Tamil Nadu 99 154.",TRUE,2025-02-06 03:05:24+00,TRUE,Richway Tours And Travels,,India,golden-travels,,,,,,
153,,Al - Safa Tours,Pune,"Shop No. 11 -12, B-Wing, Hazratyar Khan Complex, 416, Mangalwar Peth, Near Orient Hotel, Pune -411011, Maharashtra. 99 155.",TRUE,2025-02-07 17:42:58+00,TRUE,Al - Safa Tours,,India,al-hira-tours-travels,,,,,,
154,,Golden Travels,Hyderabad,"#4-1-797, Opp. Hotel Mayura Lane, M.J. Market, Hyderabad - 500001, Andhra Pradesh. 99 156.",TRUE,2025-02-08 06:28:11+00,TRUE,Golden Travels,,India,mariyam-haj-tours,,,,,,
155,,Al- Hira Tours & Travels,Hyderabad,"6-2-39, Ground Floor Synosoft Building Masabtank Road, Lkadikapul, Hyderabad, Andhra Pradesh 99 157.",TRUE,2025-02-09 22:14:39+00,TRUE,Al- Hira Tours & Travels,,India,air-flot-travels,,,,,,
156,,Mariyam Haj Tours,Indore,"120-J, Loha Gate, 3rd Street Chandan Nagar, Dhar Road, Indore (MP) -452002 99 158.",TRUE,2025-02-10 11:07:05+00,TRUE,Mariyam Haj Tours,,India,tamboli-tours-travels-pvt-ltd,,,,,,
157,,Air Flot Travels,Mumbai,"Block No. 1, 1st Floor, Noor Mahal CHS Ltd, 55, Mohammed Ali Road, Mumbai -400003, (MH) 99 159.",TRUE,2025-02-11 04:55:46+00,TRUE,Air Flot Travels,,India,kadri-haj-umrah-tours-travels,,,,,,
158,,Tamboli Tours & Travels Pvt. Ltd,Ahmed Nagar,"2095,Tamboli Towers, Karsetji Road , Nalband Khunt , Ahmed Nagar – 414001 , Maharashtra 99 160.",TRUE,2025-02-12 18:23:59+00,TRUE,Tamboli Tours & Travels Pvt. Ltd,,India,bakhla-international-travels,,,,,,
159,,Kadri Haj & Umrah Tours & Travels,Ahmedanagar,"1812, Kadri Chowk opp Bepari Msjid, Ahmedanagar -414001, Maharashtra. 99 161.",TRUE,2025-02-13 09:41:17+00,TRUE,Kadri Haj & Umrah Tours & Travels,,India,bakhla-tours-travels,,,,,,
160,,Bakhla International Travels,Mumbai,"Shop No. 32, Nakhuda Street, Pydhone, Mumbai, Maharashtra. 99 162.",TRUE,2025-02-14 20:36:44+00,TRUE,Bakhla International Travels,Maharashtra,India,poona-travels-pvt-ltd,,,,,,
161,,Bakhla Tours & Travels,Mumbai,"Shop No 20, Haroon Manzil, B-Block, 147, Imamwada Road, Bhendi Bazar, Mumbai – 9 98 163.",TRUE,2025-02-15 02:18:27+00,TRUE,Bakhla Tours & Travels,Maharashtra,India,shaheen-hajj-tour-travels,,,,,,
162,,Poona Travels Pvt Ltd,Pune ‚,"124, M.G. Road, Beside Rustam Hotel, Near Fashion Street Camp, Pune ‚Äì411001, Maharashtra. 99 164.",TRUE,2025-02-16 15:57:06+00,TRUE,Poona Travels Pvt Ltd,Uttar Pradesh,India,rumani-enterprises,,,,,,
163,,Shaheen Hajj Tour & Travels," Bareilly, Uttar","158-D/272, Qarolan Chopla  Road,  Bareilly, Uttar Pradesh. 98 165.",TRUE,2025-02-17 07:26:38+00,TRUE,Shaheen Hajj Tour & Travels,Uttar Pradesh,India,cosmic-travels-tours,,,,,,
164,,Rumani Enterprises,Mumbai,"14,OKAZ Shopping Centre, Millat Nagar,  Andheri (W) Mumbai - 53, Maharashtra. 98 166.",TRUE,2025-02-18 23:09:54+00,TRUE,Rumani Enterprises,Maharashtra,India,indian-haj-corporation,,,,,,
165,,Cosmic Travels & Tours,Mumbai,"Plot No. 35, Shop No. 1, Unit No. 4, M.S.R. Sewri(E), Mumbai - 400003 Rapid House, 36/38, Narayan Dhuru Street, Mumbai 400003,Maharashtra 99 167.",TRUE,2025-02-19 10:44:22+00,TRUE,Cosmic Travels & Tours,Maharashtra,India,al-ameen-hajj-corporation,,,,,,
166,,Indian Haj Corporation,Bhiwadi,"21, Saudagar Mohalla , Shop No 3/B,  Near Karga Masjid, Bhiwadi -421308. 99 168.",TRUE,2025-02-20 05:31:19+00,TRUE,Indian Haj Corporation,Maharashtra,India,al-khalid-tours-travels,,,,,,
167,,Al-Ameen Hajj Corporation,Navi Mumbai,"Shop No. 4 &  5, Qaswa Plaza, Patel Mohhalla, Panvel -410206, Navi Mumbai, Maharashtra. 98 169.",TRUE,2025-02-21 19:15:47+00,TRUE,Al-Ameen Hajj Corporation,Maharashtra,India,marshal-travels,,,,,,
168,,Al Khalid Tours & Travels,Byculla Mumbai,"Shop No. S1 And S2. Picadilly Flats 57, Clare Road, Byculla Mumbai 400008, Maharashtra. 98 170.",TRUE,2025-02-22 08:02:33+00,TRUE,Al Khalid Tours & Travels,Maharashtra,India,as-saud-tour,,,,,,
169,,Marshal Travels,Mumbai,"15-Umar Khadi Cross Lane, Opp. Bombay Hotel, Near Noor Masjid, Dongri Charnull, Mumbai -400009, Maharashtra. 99 171.",TRUE,2025-02-23 21:48:11+00,TRUE,Marshal Travels,Maharashtra,India,regal-tour-service,,,,,,
170,,As Saud Tour,Nansari,"7/371/1, Mothwad Street, Nansari 396 445, Gujarat.",TRUE,2025-02-24 13:26:59+00,TRUE,As Saud Tour,Gujarat,India,trichy-sunshine-haj-service,,,,,,
171,,Regal Tour Service,Mumbai,"Shop No 1 - A , 59/61 , Memonwada Road , Near Minara Masjid , Mumbai 400003, Maharashtra. 99 173.",TRUE,2025-02-25 04:11:42+00,TRUE,Regal Tour Service,Maharashtra,India,salamath-haj-service,,,,,,
172,,Trichy Sunshine Haj Service,Ramnad,"N: R/301 -3, vallal Seethakathi Salai,  Main Road, Kailakari, Ramnad, Karnataka. 99 174.",TRUE,2025-02-26 18:39:05+00,TRUE,Trichy Sunshine Haj Service,Karnataka,India,kalanthar-haj-travels,,,,,,
173,,Salamath Haj Service,Ramanathpuram,"1/999 -1, Nalagam, Post -623503 Bharathi nagar, Ramanathpuram.",TRUE,2025-02-27 06:58:21+00,TRUE,Salamath Haj Service,,India,hameedya-tours-travels,,,,,,
174,,Kalanthar Haj Travels,Pudukkottai,"TS. No. 3312, South Second Street, Opp. Periya Pallivasal, Pudukkottai 622001",TRUE,2025-02-28 22:07:34+00,TRUE,Kalanthar Haj Travels,,India,a-1-tours-travels,,,,,,
175,,Hameedya Tours & Travels,Mumai,"20/22/24 Mansur Chamber, I.R. Road, J.J. Hospital Corner, Mumabi -400003. 99 177.",TRUE,2025-03-01 11:45:18+00,TRUE,Hameedya Tours & Travels,,India,al-umair-tours-travels,,,,,,
176,,A-1 Tours & Travels,Mumbai,"Shop No. 1, 1st Floor, Patel & Sony Arcade (K.D.Co.), Bellasis Road, Nagpada junction , Mumbai -400008, Maharashtra. 99 178.",TRUE,2025-03-02 03:24:56+00,TRUE,A-1 Tours & Travels,,India,al-burhan-tours-and-travels,,,,,,
177,,Al-Umair Tours & Travels,Mumbai,"60, 2nd Nizampur, Bhiwandi, Dist. Thane -421302, maharashtra 99 179.",TRUE,2025-03-03 17:36:41+00,TRUE,Al-Umair Tours & Travels,,India,al-madeena-haj-service,,,,,,
178,,Al-Burhan Tours and Travels,Burhanpur,"Shop No. 8/5 Khanka Masjid Complex, Shawara Road Burhanpur M.P - 450331 99 180.",TRUE,2025-03-04 09:18:27+00,TRUE,Al-Burhan Tours and Travels,,India,afzal-haj-tour-travels-p-ltd,,,,,,
179,,Al Madeena Haj Service,Chennai,"No. 41/64,Hawwa Complex, 2nd Floor Next to mannady Post Office Mannady Street, Chennai -600001, Tamil Nadu 99 181.",TRUE,2025-03-05 21:54:03+00,TRUE,Al Madeena Haj Service,,India,akola-haj-tours,,,,,,
180,,Afzal Haj Tour & Travels (P) Ltd,Chennai,"No. 150, 1st Floor, Vepery High Road, Periamet, Chennai - 600003. 99 182.",TRUE,2025-03-06 14:02:49+00,TRUE,Afzal Haj Tour & Travels (P) Ltd,,India,al-hidayat-tours-travels,,,,,,
181,,Akola Haj Tours,Akola,"Iqra Tower, First Floor, Teli Pura Chowk, Akola -444001, Maharashtra. 98 183.",TRUE,2025-03-07 05:29:11+00,TRUE,Akola Haj Tours,,India,madani-travels,,,,,,
182,,Al Hidayat Tours & Travels,Mumabi,"A 502 , Rukaiya Palace, Somwari Bazar Malad (W) Mumai 400064, Maharashtra. 98 184.",TRUE,2025-03-08 19:41:55+00,TRUE,Al Hidayat Tours & Travels,,India,sagar-tours-travels,,,,,,
183,,Madani Travels,Varanasi,"223-224, Mahmood Market, Madanpura, Varanasi – 221001, Uttar Pradesh. 99 185.",TRUE,2025-03-09 08:16:38+00,TRUE,Madani Travels,,India,al-hasan-travels,,,,,,
184,,Sagar Tours & Travels,Gorakhpur ,"Hotel Sagar, Taj Market, Reti Road, Gorakhpur – 273001, Uttar Pradesh. 98 186.",TRUE,2025-03-10 23:07:24+00,TRUE,Sagar Tours & Travels,,India,raza-tours-travels,,,,,,
185,,Al Hasan Travels,Mumbai,"Shop No 5, Amina Apartments, 95, Memonwada Road,  Near Minara Masjid, Mumbai - 400003 99 187.",TRUE,2025-03-11 12:35:09+00,TRUE,Al Hasan Travels,,India,al-hamza-travels,,,,,,
186,,Raza Tours & Travels,Bhilwara,"Near Kamal Ka Kunwa, Bhopal Ganj, Bhilwara. Pin: 311001, Rajasthan. 99 188.",TRUE,2025-03-12 04:58:46+00,TRUE,Raza Tours & Travels,,India,united-travels-service,,,,,,
187,,Al-Hamza Travels,Mumbai,"Shop No.3, 271, Kondaji Bldg , S.V Road , Near Lucky Restaurant , Bandra ( W) , Mumbai -400050, Maharashtra. 99 189.",TRUE,2025-03-13 18:27:33+00,TRUE,Al-Hamza Travels,,India,al-haram-tours-travels,,,,,,
188,,United Travels Service, New Delhi,"GL-7/Iind, Ashoka Estate, 24, Barakhamba Road, Cannaught Place, New Delhi -110001. 99 190.",TRUE,2025-03-14 06:14:52+00,TRUE,United Travels Service,,India,mehdi-tours-travels,,,,,,
189,,Al-Haram Tours & Travels,Roorkee,"Purani Tehsil, Near Riksha Stand, Civil Hospital Road, Roorkee, Uttarakhand. 98 191.",TRUE,2025-03-15 21:49:06+00,TRUE,Al-Haram Tours & Travels,,India,noorul-haram-tours-and-travels,,,,,,
190,,Mehdi Tours & Travels,Lucknow,"Galaxy Apartment Shop GF 6, Hardoi Road, Tahseer Ganj, Thakurganj Lucknow – 226003, UP 99 192.",TRUE,2025-03-16 10:03:41+00,TRUE,Mehdi Tours & Travels,,India,master-travels,,,,,,
191,,Noorul Haram Tours And Travels,Haridwar,"43, Mahigran, Rampur Road, Roorkee, Distt. Haridwar, Uttarakhand. 99 193.",TRUE,2025-03-17 02:56:28+00,TRUE,Noorul Haram Tours And Travels,,India,meera-international-tours-travels,,,,,,
192,,Master Travels,Pune,"416, New Mangalwar Peth, Hazrat Yar Khan Complex,  Wing A/5, Pune -411011, Maharashtra. 99 194.",TRUE,2025-03-18 17:22:19+00,TRUE,Master Travels,,India,al-attar-haj-corporation,,,,,,
193,,Meera International Tours & Travels,Ahmednagar,"987, Nala Masjid 1st Floor, Telikhunt, Ahmednagar, 414001, Maharashtra. 99 195.",TRUE,2025-03-19 08:44:55+00,TRUE,Meera International Tours & Travels,,India,taj-tours-travels,,,,,,
194,,Al-Attar Haj Corporation,Mumbai,"A-6, Shourie Complex, Near Bombay Bazar, J.P. Road, Andheri (W), Mumbai –400058, Maharashtra 99 196.",TRUE,2025-03-20 23:31:07+00,TRUE,Al-Attar Haj Corporation,,India,al-salam-haj-o-umrah-tour,,,,,,
195,,Taj Tours & Travels,Pandua,"G.T. Road, kalbazar, Near Pandua Sultania High Madrasah, Pandua -712149, Distr : Hooghly, W.B 99 197.",TRUE,2025-03-21 14:18:49+00,TRUE,Taj Tours & Travels,,India,surat-haj-tours,,,,,,
196,,Al-Salam Haj -O-Umrah Tour,Akola,"Zahare Appartments Shop# 2, Mominpura Jagnapeth, Akola, 444001, Maharasshtra 98 198.",TRUE,2025-03-22 05:06:33+00,TRUE,Al-Salam Haj -O-Umrah Tour,,India,al-meraj-tours-travels,,,,,,
197,,Surat Haj Tours,Surat,"104 “Lukamn Palance” Saiyedpura Pumping Station Circle Surat -395003, Gujarat. 99 199.",TRUE,2025-03-23 19:54:12+00,TRUE,Surat Haj Tours,,India,chisti-travel-tours,,,,,,
198,,Al Meraj Tours & Travels,Jodhpur,"2nd floor Shakur Building Behind National Handloom Nai Sarak Jodhpur, Rajasthan. 99 200.",TRUE,2025-03-24 07:39:28+00,TRUE,Al Meraj Tours & Travels,,India,hazrat-khwaja-garib-nawaj-haj-tours,,,,,,
199,,Chisti Travel & Tours,"Kanpur, Uttar","88//185, Chaman Ganj, Kanpur, Uttar Pradesh. 99 201.",TRUE,2025-03-25 21:11:56+00,TRUE,Chisti Travel & Tours,,India,al-waha-haj-tours,,,,,,
200,,Hazrat Khwaja Garib Nawaj Haj Tours,Ahmedabad,"371, Near Anjuman -E-Islam High School,  Opp. Chhipa Royal Tower, Astodia Road, Ahmedabad -380001, Gujarat. 99 202.",TRUE,2025-03-26 12:47:34+00,TRUE,Hazrat Khwaja Garib Nawaj Haj Tours,,India,ajmeri-tours-travels,,,,,,
201,,Al Waha Haj Tours,Mumbai,"Shop No.5, Block No.1, Singh Compound, R.M Road, Opp Ruby Hospital, Jogeshwari (W), Mumbai 400102, Maharashtra. 99 203.",TRUE,2025-03-27 03:25:18+00,TRUE,Al Waha Haj Tours,,India,samrat-tours-and-travels,,,,,,
202,,Ajmeri Tours & Travels,Bhilwara,"1st Floor, Tajak Tower, Near Nathdwara Sarai, Bhilwara 311001, Rajasthan. 99 204.",TRUE,2025-03-28 18:09:44+00,TRUE,Ajmeri Tours & Travels,,India,united-tours-and-travels,,,,,,
203,,Samrat Tours And Travels,Jaipur,"B-27-329, City Centre, Sansar Chandra Road, Jaipur -302001, Rajasthan.     99 205.",TRUE,2025-03-29 06:52:07+00,TRUE,Samrat Tours And Travels,,India,anam-tours-travels,,,,,,
204,,United Tours And Travels,Lucknow,"7 & 8, Natraj Complex, 11 B.N. Road,  Lalbagh, Lucknow - 226001, Uttar Pradesh. 99 206.",TRUE,2025-03-30 22:38:59+00,TRUE,United Tours And Travels,,India,heena-travel-service,,,,,,
205,,Anam Tours & Travels,New Delhi,"A-1 DDA Flat Near Farsh Wali Mashid, Mata Sundri Road , New Delhi. Pin:110002 99 207.",TRUE,2025-03-31 11:19:41+00,TRUE,Anam Tours & Travels,,India,sanjar-travels,,,,,,
206,,Heena Travel Service,Lucknow,"8-A, 16 A, Arab House, Opp. Jama Masjid Khawas, Moulviganj, Lucknow – 226 018, Uttar Pradesh. 99 208.",TRUE,2025-04-01 04:07:26+00,TRUE,Heena Travel Service,,India,al-minar-tours-travels,,,,,,
207,,Sanjar Travels,Ahmedabad,"1486/1, Near AEC Substation, Madina Chowk, Vaishyasabha, Raikhad, Ahmedabad -380001     98 209.",TRUE,2025-04-02 19:44:58+00,TRUE,Sanjar Travels,,India,jigar-tours-travels,,,,,,
208,,Tawakkal Tours & Travels,Ahmedabad,"3029/1 Dhalgarwad Kapael  Bazar, Ahmedabad – 3800001, Gujarat. 99 210.",TRUE,2025-04-03 08:16:11+00,TRUE,Tawakkal Tours & Travels,,India,al-faruqi-haj-umrah-tours-idar,,,,,,
209,,Al - Minar Tours & Travels, Himatnagar,"7, Vyapar Bhavan , Raj Mahal Road,  Himatnagar. Pin: 3830001, Gujarat. 99 211.",TRUE,2025-04-04 23:59:47+00,TRUE,Al - Minar Tours & Travels,,India,alif-tours-travels,,,,,,
210,,Jigar Tours & Travels,Dholka,"Opp. Maiyuddin,  Bava‟s house, Rainwada, Dholka -382225, Gujarat. 99 212.",TRUE,2025-04-05 14:35:09+00,TRUE,Jigar Tours & Travels,,India,khawaja-garib-niwaz-tours-travels,,,,,,
211,,Zam Zam Tours & Travels,Ahmedabad,"8 GF, Daskroi Chambers, Opp Petrol Pump, Khamasa, Ahmedabad – 380001, Gujarat. 99 213.",TRUE,2025-04-06 05:21:33+00,TRUE,Zam Zam Tours & Travels,,India,al-aksha-tours-and-travels,,,,,,
212,,Al Faruqi Haj Umrah Tours – Idar,Sabarkantha,"2/263/1 Lokhandwala Market, Tower Road, IDAR, 383430, Distt. Sabarkantha, Gujarat 99 214.",TRUE,2025-04-07 18:47:56+00,TRUE,Al Faruqi Haj Umrah Tours – Idar,,India,the-vafadar-tours,,,,,,
213,,Alif Tours & Travels,Ahmedabad,"3999/1, Noor Umar Mantion,  Astodia Chakla, Near Central Bank,  Astodia Road, Ahmedabad - 380001 99 215.",TRUE,2025-04-08 07:32:14+00,TRUE,Alif Tours & Travels,,India,akbari-tours,,,,,,
214,,Khawaja Garib Niwaz Tours & Travels, Ahmedabad,"4779/C/.B/H.Vaishyasabha Building, Khamasa, Jamalpur Road, Ahmedabad - 380001 Gujrat 99 216.",TRUE,2025-04-09 21:09:38+00,TRUE,Khawaja Garib Niwaz Tours & Travels,,India,mohammedia-tours-and-travels,,,,,,
215,,Al Aksha Tours And Travels,Ahmedabad,"1373, Opp. Sunehari Masjid, Salapose Road, Khas Bazar, Three Gate, Ahmedabad -380001 (Gujarat) 99 217.",TRUE,2025-04-10 12:56:02+00,TRUE,Al Aksha Tours And Travels,,India,al-hijaz-tours-travels,,,,,,
216,,The Vafadar Tours,Sabarkantha,"F.F.12, Laxmikunj Society, Pologround, Himatnagar, Sabarkantha, Gujrat -383001 98 218.",TRUE,2025-04-11 04:41:29+00,TRUE,The Vafadar Tours,,India,masoom-tours-travels,,,,,,
217,,Akbari Tours,Ahmedabad,"206-207,Bagmar Plaza, Jamalpur -Char Rasta, Ahmedabad -380001, Gujarat. 99 219.",TRUE,2025-04-12 19:18:55+00,TRUE,Akbari Tours,,India,arfat-haj-tours-viramgam,,,,,,
218,,Mohammedia Tours And Travels,Ahmedabad,"4159,Opp. Municipal corporation Gollimda, Astodia, Road, Ahmedabad -380001, Gujarat. 99 220.",TRUE,2025-04-13 08:03:41+00,TRUE,Mohammedia Tours And Travels,,India,al-hashim-haj-tours,,,,,,
219,,Al-Hijaz Tours & Travels,Bharuch,"5, Mariyam Complex, Near New Vegetable Market, Jambusar Road, Bharuch -392001, Gujarat 99 221.",TRUE,2025-04-14 22:27:16+00,TRUE,Al-Hijaz Tours & Travels,,India,gujarat-haj-tours,,,,,,
220,,Masoom Tours & Travels,Bharuch,"4,  Mariyam Complex, Nr. New  Vegetable market, Jambusar Road, Bharuch -392001, Gujarat. 99 222.",TRUE,2025-04-15 13:44:58+00,TRUE,Masoom Tours & Travels,,India,labbaik-haj-tours-travels,,,,,,
221,,Arfat Haj Tours -Viramgam,Ahmedabad,"Musa Manzil, Kapad Bazar, Viramgam -382115, Dt. Ahmedabad, Gurjat. 99 223.",TRUE,2025-04-16 06:19:07+00,TRUE,Arfat Haj Tours -Viramgam,,India,bilal-haj-umrah-tours-travels,,,,,,
222,,Al-Hashim Haj Tours,Ahmedabad,"Mariyam Manzil, Opp. Navgajapir, Vaishaysabha, Jamalpur, Ahmedabad -380001, Gujarat. 99 224.",TRUE,2025-04-17 20:52:31+00,TRUE,Al-Hashim Haj Tours,,India,molvi-haj-umrah-tours-travels,,,,,,
223,,Gujarat Haj Tours,Ahmedabad,"F2, Samir Complex, Opp. A.M.C, Gollimda, Jamalpur, Ahmedabad -380001, Gujarat. 99 225.",TRUE,2025-04-18 09:38:45+00,TRUE,Gujarat Haj Tours,,India,kotwala-tours-and-travels,,,,,,
224,,Labbaik Haj Tours & Travels,Navsari,"4/1041/14, Riddhi Siddhi Apartment, Opp. Laxman Hall Tower Navsari, Gujarat 99 226.",TRUE,2025-04-19 23:05:12+00,TRUE,Labbaik Haj Tours & Travels,,India,mk-haj-umrah-travels,,,,,,
225,,Bilal Haj & Umrah Tours & Travels,Bharuchi,"678/2 Arab Street, At & Post Nabipur Dist: Bharuch, Pin: 392210, Gujarat. 98 227.",TRUE,2025-04-20 14:27:59+00,TRUE,Bilal Haj & Umrah Tours & Travels,,India,al-mehdi-tours,,,,,,
226,,"As Safa Haj Tour 4/293, GR Floor, Madina Manzil,",Navsari,"Mothwadstreet, Navsari – 396445, Gujarat.    99 228.",TRUE,2025-04-21 05:46:33+00,TRUE,"As Safa Haj Tour 4/293, GR Floor, Madina Manzil,",,India,mahdi-tours-and-travels,,,,,,
227,,Molvi Haj -Umrah Tours & Travels,Bharuchi,"1302/E Madni Park, Zin Road, AT & Post Nabipur, Dist. Bharuchi -392210, Gujarat. 99 229.",TRUE,2025-04-22 19:11:08+00,TRUE,Molvi Haj -Umrah Tours & Travels,,India,khandesh-haj-corporation,,,,,,
228,,Kotwala Tours And Travels,Ahmedabad,"F 7, Roshani Avenue, Near Bank of India, Sarkhej Road, Ahmedabad – 380055 98 230.",TRUE,2025-04-23 08:54:41+00,TRUE,Kotwala Tours And Travels,,India,ashraf-haj-umrah-tours,,,,,,
229,,Mk Haj & Umrah Travels,Kolkata,"16A, Chandra Nath Roy Road, Kolkata -700039 99 231.",TRUE,2025-04-24 21:36:19+00,TRUE,Mk Haj & Umrah Travels,Maharashtra,India,arabia-tours-travels,,,,,,
230,,Al-Mehdi Tours,Mumbai,"71-Hazrat Abbas (A.S.) Street Khoja Jame Masid, Mumbai - 400009, Maharashtra. 99 232.",TRUE,2025-04-25 12:07:11+00,TRUE,Al-Mehdi Tours,Maharashtra,India,al-uqba-tours-travels,,,,,,
231,,Mahdi Tours And Travels, Mumabi,"Shop No. 5, Rabia Manzil (Machiwala Building) 300/312, S.V.P. Road,  Mumabi -400009, Maharashtra. 99 233.",TRUE,2025-01-01 03:14:22+01,TRUE,Mahdi Tours And Travels,Maharashtra,India,multazam-tours-pvt-ltd,,,,,,
232,,Khandesh Haj Corporation,Tal Bhusawal,"Shop no. 26 -27, Idgah Complex, Khadka Road, At Khadka, Tal Bhusawal - 425201, District Jalgaon, Maharashtra. 99 234.",TRUE,2025-01-02 11:45:09+01,TRUE,Khandesh Haj Corporation,Maharashtra,India,al-ansar-haj-umrah-organiser,,,,,,
233,,Ashraf Haj Umrah Tours,Amravati,"Near Mohammadia Masjid, Jamil Colony Chowk, Walgaon Road, Amravati - 444 601(M.S.) 99 235.",TRUE,2025-01-03 18:27:41+01,TRUE,Ashraf Haj Umrah Tours,Maharashtra,India,kolkata-tours-travels-i-pvt-ltd,,,,,,
234,,Arabia Tours & Travels,Pune,"348, Ghorpade Peth, Opp. Makkah Masjid, Mominpura, Pune - 411042, Maharashtra. 99 236.",TRUE,2025-01-04 06:52:33+01,TRUE,Arabia Tours & Travels,Maharashtra,India,shukriya-travels,,,,,,
235,,Al Uqba Tours & Travels, Kanpur,"101/403, Colonel Ganj,  Kanpur -208001, Uttar Pradesh. 99 237.",TRUE,2025-01-05 21:09:18+01,TRUE,Al Uqba Tours & Travels,Uttar Pradesh,India,ruby-tours-travels,,,,,,
236,,Multazam Tours Pvt Ltd,Mumbai,"Shop No1, Ground Floor, 50 Chappel Road, Bandra (W), Mumbai – 400050 99 238.",TRUE,2025-01-06 14:36:55+01,TRUE,Multazam Tours Pvt Ltd,Maharashtra,India,jannat-tours-travels,,,,,,
237,,Al Ansar Haj & Umrah Organiser,Mumbai,"Shop No.2 Al -Hayat Appartment Patel Mohalla Opp. Jama Masjid, Panvel Navi Mumbai - 410214 99 239.",TRUE,2025-01-07 02:48:07+01,TRUE,Al Ansar Haj & Umrah Organiser,Maharashtra,India,hajj-tours-corporation,,,,,,
238,,Kolkata Tours & Travels (I) Pvt. Ltd,Kolkata,"209  AJC Bose Road, Karnani Estate,1st Floor, Office No: 6, Kolkata -700017. 99 240.",TRUE,2025-01-08 19:22:49+01,TRUE,Kolkata Tours & Travels (I) Pvt. Ltd,West Bengal,India,ahlan-hajj-and-umrah-services,,,,,,
239,,Shukriya Travels,Mumbai,"486/488, 101, Ali Raza Castle, Sir J.J. Road, Mumbai - 400008, Maharashtra. 98 241.",TRUE,2025-01-09 08:11:34+01,TRUE,Shukriya Travels,Maharashtra,India,saheeb-haj-services,,,,,,
240,,Ruby Tours & Travels,Pune,"7/8 Ground Floor “ East Street Galleria” East Street, Camp, Pune -411001, Maharashtra. 99 242.",TRUE,2025-01-01 03:14:22+01,TRUE,Ruby Tours & Travels,Uttar Pradesh,India,al-junaid-haj-umra-co,,,,,,
241,,Jannat Tours & Travels,Faizabad,"Shop No. 3, Chowk Road, FatehGanj, Subhash Nagar, Faizabad, U.P. - 224001 99 243.",TRUE,2025-01-02 11:45:09+01,TRUE,Jannat Tours & Travels,Madhya Pradesh,India,iftekhar-travel-services,,,,,,
242,,Hajj Tours Corporation,Indore,"275,Jawahar Marg, Bombay Bazaar Square Near Agra Hotel, Indore -452002, Madhya Pradesh. 99 244.",TRUE,2025-01-03 18:27:41+01,TRUE,Hajj Tours Corporation,Delhi,India,imaan-international,,,,,,
243,,Ahlan Hajj and Umrah Services,Delhi,"Municipal No. 4998, Plot No. 58, Near Darya Ganj, New Delhi 110002 99 245.",TRUE,2025-01-04 06:52:33+01,TRUE,Ahlan Hajj and Umrah Services,Delhi,India,al-madina-haj-umrah-and-ziyarat-tours,,,,,,
244,,Saheeb Haj Services,Gulbarga,"H.No 4 -601/75/C/4, Opp :Makkah Masid, Extension.Basaveshwar Colony. Gulbarga -585105 Karnataka. 99 246.",TRUE,2025-01-05 21:09:18+01,TRUE,Saheeb Haj Services,Karnataka,India,al-khidmah-tours-and-travels,,,,,,
245,,Al-Junaid Haj Umra Co.,Meerut,"246-Sarai Khair Nagar, Near Filmistan Meerut City, Uttar Pradesh. 99 247.",TRUE,2025-01-06 14:36:55+01,TRUE,Al-Junaid Haj Umra Co.,Uttar Pradesh,India,qiblah-haj-umrah-services,,,,,,
246,,Iftekhar Travel Services,Pitampura,"111, Ghalib Apartment, 4th floor, Parwana Road, Pitampura, Delhi-110034 99 248.",TRUE,2025-01-07 02:48:07+01,TRUE,Iftekhar Travel Services,Delhi,India,avliya-haj-tour,,,,,,
247,,Imaan International,Mumbai,"13, Okaz Shopping Cente, Millat nagar, Andheri (W) Mumbai - 53, Maharashtra. 98 249.",TRUE,2025-01-08 19:22:49+01,TRUE,Imaan International,Maharashtra,India,ms-universe-travel-corporation,,,,,,
248,,Al-Madina Haj Umrah And Ziyarat Tours,Jabalpur,"658, Ripta, Badi Omti Chowk, Jabalpur (M.P.) 98 250.",TRUE,2025-01-09 08:11:34+01,TRUE,Al-Madina Haj Umrah And Ziyarat Tours,Madhya Pradesh,India,ms-na-tours-and-travels,,,,,,
249,,Al-Khidmah Tours And Travels,Aurangabad,"Plot No. 3, Attas Villa, Opp. Municipal Hospital, Central Naka Road, Aurangabad, Maharashtra. 99 251.",TRUE,2025-01-10 23:57:02+01,TRUE,Al-Khidmah Tours And Travels,Maharashtra,India,ms-aman-tours-travels,,,,,,
250,,(Upgraded)  Qiblah Haj Umrah Services,Kausa,"A-1, Al-Baqi Castle, Ground Floor, Indira Gandhi Road, Rashid Compound, Kausa - Mumbra, Distt. Thane (M.S.) 99 252.",TRUE,2025-01-11 05:39:44+01,TRUE,Qiblah Haj Umrah Services,Maharashtra,India,,,,,,,
251,,(Upgraded)  Avliya Haj Tour,Indore,"72-A, Ashraf Nagar, Khajrana, Indore -452016, Madhya Pradesh 99 253.",TRUE,2025-01-12 17:26:19+01,TRUE,Avliya Haj Tour,Madhya Pradesh,India,,,,,,,
252,,(Upgraded)  M/S Universe Travel Corporation,Srinagar,"217, Dr. Alijan Shopping Plaza, M.A. Road, Srinagar -01, Jammu & Kashmir 99 254.",TRUE,2025-01-13 12:08:51+01,TRUE, M/S Universe Travel Corporation,Jammu and Kashmir,India,,,,,,,
253,,(Upgraded)  M/S N.A. Tours and Travels,Jalampur,"1606, Munda Darwaja, Near Telephone Exchange,  Jalampur, Ahmedabad -380001, Gujarat 99 255.",TRUE,2025-01-14 01:42:28+01,TRUE,M/S N.A. Tours and Travels,Gujarat,India,,,,,,,
254,,(Upgraded)  M/S Aman Tours &  Travels,Bharuch,"A7/5, 2nd Floor, Patel Super Market, Distt. Bharuch, PIN - 392210, Gujarat 99",TRUE,2025-01-15 20:14:06+01,TRUE, M/S Aman Tours &  Travels,Gujarat,India,,,,,,,
255,,,,,,,,,,,,,,,,,
